{
  "best_pos_mm": 369.2307692307692,
  "metric": "Laplacian Variance",
  "positions_mm": [
    300.0,
    303.84615384615387,
    307.6923076923077,
    311.53846153846155,
    315.38461538461536,
    319.2307692307692,
    323.0769230769231,
    326.9230769230769,
    330.7692307692308,
    334.61538461538464,
    338.46153846153845,
    342.3076923076923,
    346.15384615384613,
    350.0,
    353.84615384615387,
    357.6923076923077,
    361.53846153846155,
    365.38461538461536,
    369.2307692307692,
    373.0769230769231,
    376.9230769230769,
    380.7692307692308,
    384.61538461538464,
    388.46153846153845,
    392.3076923076923,
    396.1538461538462,
    400.0,
    403.84615384615387,
    407.6923076923077,
    411.53846153846155,
    415.38461538461536,
    419.2307692307692,
    423.0769230769231,
    426.9230769230769,
    430.7692307692308,
    434.61538461538464,
    438.46153846153845,
    442.3076923076923,
    446.1538461538462,
    450.0,
    365.38461538461536,
    366.2393162393162,
    367.0940170940171,
    367.94871794871796,
    368.8034188034188,
    369.65811965811963,
    370.5128205128205,
    371.36752136752136,
    372.22222222222223,
    373.0769230769231
  ],
  "metric_values": [
    16.57473405095021,
    16.804353077070925,
    17.04208055395308,
    17.2764511007489,
    17.468804356816587,
    17.674819910633232,
    17.98109196036472,
    18.25026284699521,
    18.60574938334523,
    18.99538167242968,
    19.553683916664543,
    20.084441460977867,
    20.89085449414132,
    22.19215538343744,
    24.688364746354537,
    32.68593998554237,
    62.0204894787521,
    155.24252149450726,
    256.52220242681625,
    168.0149462277767,
    70.96681542567441,
    39.77751400088245,
    31.083462318644404,
    27.70127521487262,
    26.123480152355615,
    25.527067956178346,
    25.279915370793685,
    25.305849700752233,
    25.320334663866863,
    25.474057193406427,
    25.62564193829894,
    25.72183705965684,
    25.774729868205412,
    25.71057842846646,
    25.622310956245503,
    25.616353670733286,
    25.53194298323514,
    25.496113693660845,
    25.463143183383988,
    25.374184724302015,
    153.747170708006,
    184.00005943437517,
    212.8900719496871,
    237.654303155157,
    252.28629616674115,
    256.0676723571643,
    246.4679736824925,
    226.2490341174315,
    199.23798102747878,
    169.46440554009544
  ],
  "mtf50_values": [
    0.006578528453951819,
    0.006664383259583819,
    0.0063373220514991,
    0.005743002140191487,
    0.0064294265403138425,
    0.006250391830592968,
    0.006048504523289531,
    0.006616562137015065,
    0.005934715451609502,
    0.0067292811043999316,
    0.0066277210635391146,
    0.006774951653710113,
    0.0066053002527541056,
    0.00651749352873383,
    0.0065164532964609384,
    0.006217914693836984,
    0.006117992477765817,
    0.005843691500768573,
    0.005693577655863191,
    0.0058664356235543814,
    0.0061161783694936266,
    0.006210409890520206,
    0.00649088687076783,
    0.00638565769271306,
    0.006837971108412989,
    0.006827394306080531,
    0.0069003869333491875,
    0.006698555310256484,
    0.0064511669626450135,
    0.006406174524258939,
    0.006563102172869281,
    0.006957476439345651,
    0.007185059606093643,
    0.006804625099900936,
    0.006609354874417008,
    0.006778466561975394,
    0.00615844745190533,
    0.006508776741760834,
    0.006599420535205986,
    0.006257405953901746,
    0.005819520156513068,
    0.005799698151788337,
    0.0057451497767654295,
    0.005703149911312541,
    0.005694082158473786,
    0.005701660282857241,
    0.0057172787632779835,
    0.005737255333671852,
    0.00584376157677239,
    0.005883388531685962
  ]
}